id,Received
0,2 12.08.20 14.13.11 F
1,2 12.08.20 14.13.11 F
2,2 12.08.20 14.13.11 F
3,2 12.08.20 14.13.11 F
4,2 12.08.20 14.13.11 F
5,2 12.08.20 14.13.11 F
6,2 12.08.20 14.13.11 F
7,2 12.08.20 14.13.11 F
8,2 12.08.20 14.13.11 F
9,2 12.08.20 14.13.11 F
10,2 12.08.20 14.13.11 F
11,2 12.08.20 14.13.11 F
12,2 12.08.20 14.13.11 F
13,2 12.08.20 14.13.11 F
14,2 12.08.20 14.13.11 F
15,2 12.08.20 14.13.11 F
16,2 12.08.20 14.13.11 F
17,2 12.08.20 14.13.11 F
18,2 12.08.20 14.13.11 F
19,2 12.08.20 14.13.11 F
20,2 12.08.20 14.13.11 F
21,2 12.08.20 14.13.11 F
22,2 12.08.20 14.13.11 F
23,2 12.08.20 14.13.11 F
24,2 12.08.20 14.13.11 F
25,2 12.08.20 14.13.11 F
26,2 12.08.20 14.13.11 F
27,2 12.08.20 14.13.11 F
28,2 12.08.20 14.13.11 F
29,2 12.08.20 14.13.11 F
30,2 12.08.20 14.13.11 F
31,2 12.08.20 14.13.11 F
32,2 12.08.20 14.13.11 F
33,2 12.08.20 14.13.11 F
34,2 12.08.20 14.13.11 F
35,2 12.08.20 14.13.11 F
36,2 12.08.20 14.13.11 F
37,2 12.08.20 14.13.11 F
38,2 12.08.20 14.13.11 F
39,2 12.08.20 14.13.11 F
40,2 12.08.20 14.13.11 F
41,2 12.08.20 14.13.11 F
42,2 12.08.20 14.13.11 F
43,2 12.08.20 14.13.11 F
44,2 12.08.20 14.13.11 F
45,2 12.08.20 14.13.11 F
46,2 12.08.20 14.13.11 F
47,2 12.08.20 14.13.11 F
48,2 12.08.20 14.13.11 F
49,2 12.08.20 14.13.11 F
50,2 12.08.20 14.13.11 F
51,2 12.08.20 14.13.11 F
52,2 12.08.20 14.13.11 F
53,2 12.08.20 14.13.11 F
54,2 12.08.20 14.13.11 F
55,2 12.08.20 14.13.11 F
56,2 12.08.20 14.13.11 F
57,2 12.08.20 14.13.11 F
58,2 12.08.20 14.13.11 F
59,2 12.08.20 14.13.11 F
60,2 12.08.20 14.13.11 F
61,2 12.08.20 14.13.11 F
62,2 12.08.20 14.13.11 F
63,2 12.08.20 14.13.11 F
64,2 12.08.20 14.13.11 F
65,2 12.08.20 14.13.11 F
66,2 12.08.20 14.13.11 F
67,2 12.08.20 14.13.11 F
68,2 12.08.20 14.13.11 F
69,2 12.08.20 14.13.11 F
70,2 12.08.20 14.13.11 F
71,2 12.08.20 14.13.11 F
72,2 12.08.20 14.13.11 F
73,2 12.08.20 14.13.11 F
74,2 12.08.20 14.13.11 F
75,2 12.08.20 14.13.11 F
76,2 12.08.20 14.13.11 F
77,2 12.08.20 14.13.11 F
78,2 12.08.20 14.13.11 F
79,2 12.08.20 14.13.11 F
80,2 12.08.20 14.13.11 F
81,2 12.08.20 14.13.11 F
82,2 12.08.20 14.13.11 F
83,2 12.08.20 14.13.11 F
84,2 12.08.20 14.13.11 F
85,2 12.08.20 14.13.11 F
86,2 12.08.20 14.13.11 F
87,2 12.08.20 14.13.11 F
88,2 12.08.20 14.13.11 F
89,2 12.08.20 14.13.11 F
